<?xml version="1.0" encoding="UTF-8"?>
<metadata xml:lang="en"><Esri><CreaDate>20150318</CreaDate><CreaTime>11015600</CreaTime><ArcGISFormat>1.0</ArcGISFormat><ArcGISstyle>FGDC CSDGM Metadata</ArcGISstyle><SyncOnce>TRUE</SyncOnce><DataProperties><lineage><Process ToolSource="C:\Program Files\ArcGIS\Desktop10.0\ArcToolbox\Toolboxes\Data Management Tools.tbx\CalculateField" Date="20120208" Time="203905">CalculateField LA_Census2010 H11D2 [H11D] VB #</Process><Process ToolSource="C:\Program Files\ArcGIS\Desktop10.0\ArcToolbox\Toolboxes\Data Management Tools.tbx\CalculateField" Date="20120208" Time="203923">CalculateField LA_Census2010 P2 [P1] VB #</Process><Process ToolSource="C:\Program Files\ArcGIS\Desktop10.0\ArcToolbox\Toolboxes\Data Management Tools.tbx\CalculateField" Date="20120208" Time="204709">CalculateField LA_Census2010 h11a2 [H11A] VB #</Process><Process ToolSource="c:\program files (x86)\arcgis\desktop10.1\ArcToolbox\Toolboxes\Data Management Tools.tbx\CalculateField" Date="20130918" Time="162104">CalculateField LA_Census2010 test [H11A] VB #</Process><Process ToolSource="c:\program files (x86)\arcgis\desktop10.1\ArcToolbox\Toolboxes\Data Management Tools.tbx\CalculateField" Date="20130918" Time="202702">CalculateField LA_Census2010 D_2 [H11D] VB #</Process><Process ToolSource="c:\program files (x86)\arcgis\desktop10.2\ArcToolbox\Toolboxes\Data Management Tools.tbx\CalculateField" Date="20140205" Time="110351">CalculateField LA_Census2010 H11A2 [H11A] VB #</Process><Process ToolSource="c:\program files (x86)\arcgis\desktop10.2\ArcToolbox\Toolboxes\Data Management Tools.tbx\CalculateField" Date="20140205" Time="110403">CalculateField LA_Census2010 H11B2 [H11B] VB #</Process><Process ToolSource="c:\program files (x86)\arcgis\desktop10.2\ArcToolbox\Toolboxes\Data Management Tools.tbx\CalculateField" Date="20140205" Time="110411">CalculateField LA_Census2010 H11C2 [H11C] VB #</Process><Process ToolSource="c:\program files (x86)\arcgis\desktop10.2\ArcToolbox\Toolboxes\Data Management Tools.tbx\CalculateField" Date="20140205" Time="110525">CalculateField LA_Census2010 H11E2 [H11E] VB #</Process><Process ToolSource="c:\program files (x86)\arcgis\desktop10.2\ArcToolbox\Toolboxes\Data Management Tools.tbx\CalculateField" Date="20140205" Time="110533">CalculateField LA_Census2010 H11F2 [H11F] VB #</Process><Process ToolSource="c:\program files (x86)\arcgis\desktop10.2\ArcToolbox\Toolboxes\Data Management Tools.tbx\CalculateField" Date="20140205" Time="110541">CalculateField LA_Census2010 H11G2 [H11G] VB #</Process><Process ToolSource="c:\program files (x86)\arcgis\desktop10.2\ArcToolbox\Toolboxes\Data Management Tools.tbx\CalculateField" Date="20140205" Time="110548">CalculateField LA_Census2010 H11H2 [H11H] VB #</Process></lineage><itemProps><itemLocation><linkage Sync="TRUE">file://\\CLA-008474698-1\G\GEOG380_SP2015\GEOG380-01_SP2015\Labs\Proportional Symbol\LA_Census2010</linkage><protocol Sync="TRUE">Local Area Network</protocol></itemLocation></itemProps><copyHistory><copy source="G:\GEOG380_SP2015\GEOG380-01_SP2015\Labs\Lab1\lab1_dataB\LA_Census2010" dest="\\CLA-008474698-1\G\GEOG380_SP2015\GEOG380-01_SP2015\Labs\Proportional Symbol\LA_Census2010" date="20150318" time="11015600"></copy></copyHistory></DataProperties></Esri></metadata>
